{
	"partitions" : [
		{
			"name" : "Top",
			"pins" : [
				{
					"name" : "Q10[0]",
					"strict" : false
				},
				{
					"name" : "Q10[1]",
					"strict" : false
				},
				{
					"name" : "Q10[2]",
					"strict" : false
				},
				{
					"name" : "Q10[3]",
					"strict" : false
				},
				{
					"name" : "Q1[0]",
					"strict" : false
				},
				{
					"name" : "Q1[1]",
					"strict" : false
				},
				{
					"name" : "Q1[2]",
					"strict" : false
				},
				{
					"name" : "Q1[3]",
					"strict" : false
				},
				{
					"name" : "toggle_swatch",
					"strict" : false
				},
				{
					"name" : "reset",
					"strict" : false
				},
				{
					"name" : "Clk",
					"strict" : false
				}
			]
		}
	]
}